{"cameraMode":{"drawMode":0,"name":"Shaded","section":"Shading Mode"},"sceneLighting":false,"audioPlay":false,"sceneViewState":{"showFog":true,"showMaterialUpdate":false,"showSkybox":false,"showFlares":true,"showImageEffects":true,"showParticleSystems":true},"in2DMode":false,"pivot":{"x":36.572818756103519,"y":-3.074390411376953,"z":-0.20722007751464845},"rotation":{"x":-0.06620114296674729,"y":0.042490456253290179,"z":-0.0028218126390129329,"w":-0.996901273727417},"size":10.113053321838379,"orthographic":false}