{"cameraMode":{"drawMode":0,"name":"Shaded","section":"Shading Mode"},"sceneLighting":false,"audioPlay":false,"sceneViewState":{"showFog":true,"showMaterialUpdate":false,"showSkybox":false,"showFlares":true,"showImageEffects":true,"showParticleSystems":true},"in2DMode":false,"pivot":{"x":33.645050048828128,"y":-0.8874692916870117,"z":-0.22228431701660157},"rotation":{"x":-0.07971886545419693,"y":0.012556347995996476,"z":-0.0010044241789728404,"w":-0.9967417120933533},"size":9.573009490966797,"orthographic":false}